Criteria,Trello,Asana,Notion,Linear,Winner
Price per user (monthly),$5-$10,$10.99-$24.99,$8-$15,$8,Linear ($8)
Free tier quality,Good (unlimited cards, limited boards),Good (up to 15 users, limited features),Excellent (unlimited pages/blocks),Limited (free for small teams),Notion
Learning curve (ease for non-technical),Excellent (very intuitive),Good (moderate learning),Moderate (complex workspace),Poor (dev-focused),Trello
Mobile app quality,Good,Excellent,Good,Good,Asana
Slack integration,Excellent,Excellent,Excellent,Excellent,Tie
Google Workspace integration,Excellent,Excellent,Good,Limited,Trello/Asana
Reporting/Dashboard features,Basic (power-ups needed),Excellent (advanced reporting),Good (custom databases),Good (sprint-focused),Asana
Scalability (8 to 25 users),Good,Excellent,Excellent,Good,Asana/Notion
Best for mixed tech-savviness,Yes,Yes,Yes,No,Trello/Asana
Visibility into who's working on what,Good,Excellent,Good,Excellent,Asana/Linear
